{
    "Barracks_T1_L1": [
        1169.275146484375,
        3573.222412109375
    ],
    "Turret_T2_L_03": [
        4318.0,
        13875.0
    ],
    "Barracks_T2_C1": [
        11603.068359375,
        11667.0
    ],
    "Barracks_T2_L1": [
        11261.0,
        13659.9619140625
    ],
    "Turret_T1_C_07": [
        4281.0,
        1253.0
    ],
    "Turret_T2_C_01": [
        13052.0,
        12612.0
    ],
    "Turret_T1_C_04": [
        5048.0,
        4812.0
    ],
    "Turret_T2_C_03": [
        11134.0,
        11207.0
    ],
    "Barracks_T2_R1": [
        13598.1416015625,
        11316.134765625
    ],
    "Turret_T2_C_02": [
        12611.0,
        13084.0
    ],
    "Turret_T2_C_05": [
        8955.0,
        8510.0
    ],
    "Barracks_T1_R1": [
        3454.878662109375,
        1241.762939453125
    ],
    "Barracks_T1_C1": [
        3203.0,
        3208.0
    ],
    "Turret_T1_C_01": [
        1748.0,
        2270.0
    ],
    "Turret_OrderTurretShrine": [
        105.0,
        134.0
    ],
    "Turret_T1_R_02": [
        6919.0,
        1483.0
    ],
    "Turret_T2_R_03": [
        13866.0,
        4505.0
    ],
    "Turret_T1_R_03": [
        10504.0,
        1029.0
    ],
    "Turret_T1_C_02": [
        2177.0,
        1807.0
    ],
    "Turret_T2_L_01": [
        10481.0,
        13650.0
    ],
    "Turret_T2_R_02": [
        13327.0,
        8226.0
    ],
    "Turret_T2_C_04": [
        9767.0,
        10113.0
    ],
    "Turret_T1_C_03": [
        3651.0,
        3696.0
    ],
    "Turret_T2_R_01": [
        13624.0,
        10572.0
    ],
    "Turret_ChaosTurretShrine": [
        14576.0,
        14693.0
    ],
    "Turret_T1_C_06": [
        1169.0,
        4287.0
    ],
    "Turret_T1_C_05": [
        5846.0,
        6396.0
    ],
    "Turret_OrderNexus": [
        1551.0,
        1659.0
    ],
    "Turret_ChaosNexus": [
        13243.0,
        13235.0
    ]
}