{
    "Order Wolves": [
        3813.449951171875,
        6466.75
    ],
    "Order Blue": [
        3893.85107421875,
        7869.8251953125
    ],
    "Order OwlBear": [
        2177.7919921875,
        8429.6884765625
    ],
    "Chaos Blue": [
        11031.728515625,
        6990.84423828125
    ],
    "Order Red": [
        7765.244140625,
        4020.18701171875
    ],
    "Chaos Red": [
        7101.869140625,
        10900.546875
    ],
    "Chaos OwlBear": [
        12625.5615234375,
        6434.18896484375
    ],
    "Chaos Wolves": [
        10979.7998046875,
        8356.8896484375
    ],
    "Order Wraiths": [
        6969.0,
        5422.0
    ],
    "Chaos Wraiths": [
        7861.0,
        9575.0
    ],
    "Order Small Golems": [
        8390.0,
        2675.0
    ],
    "Chaos Small Golems": [
        6449.0,
        12199.0
    ],
    "Horde": [
        4909.56494140625,
        10487.3232421875
    ],
    "SRU_RiftHerald": [
        4909.56494140625,
        10487.3232421875
    ],
    "Baron": [
        5007.0,
        10471.0
    ],
    "Baron Crab": [
        4400.0,
        9600.0
    ],
    "Dragon Crab": [
        10500.0,
        5170.0
    ],
    "Atakhan_Spawn1": [
        11723.271484375,
        3511.461669921875
    ],
    "Atakhan_Spawn2": [
        3088.7265625,
        11591.5380859375
    ],
    "Dragon": [
        9908.5078125,
        4345.818359375
    ]
}